-- --------------------------------------------------------
-- Host:                         128.199.53.29
-- Server version:               5.5.47-0ubuntu0.14.04.1 - (Ubuntu)
-- Server OS:                    debian-linux-gnu
-- HeidiSQL Version:             9.1.0.4867
-- --------------------------------------------------------

/*!40101 SET @OLD_CHARACTER_SET_CLIENT=@@CHARACTER_SET_CLIENT */;
/*!40101 SET NAMES utf8mb4 */;
/*!40014 SET @OLD_FOREIGN_KEY_CHECKS=@@FOREIGN_KEY_CHECKS, FOREIGN_KEY_CHECKS=0 */;
/*!40101 SET @OLD_SQL_MODE=@@SQL_MODE, SQL_MODE='NO_AUTO_VALUE_ON_ZERO' */;

-- Dumping database structure for bonfire
CREATE DATABASE IF NOT EXISTS `bonfire` /*!40100 DEFAULT CHARACTER SET latin1 */;
USE `bonfire`;


-- Dumping structure for table bonfire.category
CREATE TABLE IF NOT EXISTS `category` (
  `id` int(11) NOT NULL AUTO_INCREMENT,
  `name` varchar(50) DEFAULT NULL,
  `parent_id` int(11) NOT NULL DEFAULT '0',
  `position` tinyint(3) NOT NULL DEFAULT '0',
  PRIMARY KEY (`id`)
) ENGINE=InnoDB AUTO_INCREMENT=15 DEFAULT CHARSET=latin1;

-- Dumping data for table bonfire.category: ~13 rows (approximately)
DELETE FROM `category`;
/*!40000 ALTER TABLE `category` DISABLE KEYS */;
INSERT INTO `category` (`id`, `name`, `parent_id`, `position`) VALUES
	(1, 'Men', 0, 0),
	(2, 'Women', 0, 0),
	(3, 'Jeans', 1, 0),
	(4, 'Jeans', 2, 0),
	(5, 'Footwear', 1, 0),
	(6, 'Footwear', 2, 0),
	(7, 'T-Shirts & Polos', 1, 0),
	(8, 'T-Shirts & Polos', 2, 0),
	(9, 'Dresses', 2, 0),
	(10, 'Flip Flops & Slippers', 5, 0),
	(11, 'Formal Shoes', 5, 0),
	(12, 'Flip Flops & Slippers', 6, 0),
	(13, 'Sandals & Heels', 6, 0),
	(14, 'Suits & Blazers', 2, 0);
/*!40000 ALTER TABLE `category` ENABLE KEYS */;


-- Dumping structure for table bonfire.currency
CREATE TABLE IF NOT EXISTS `currency` (
  `id` int(10) unsigned NOT NULL AUTO_INCREMENT,
  `code` char(10) NOT NULL,
  `sign` char(10) NOT NULL,
  `rate` decimal(6,3) NOT NULL,
  `date` timestamp NOT NULL DEFAULT CURRENT_TIMESTAMP ON UPDATE CURRENT_TIMESTAMP,
  PRIMARY KEY (`id`),
  UNIQUE KEY `currency_code` (`code`)
) ENGINE=InnoDB AUTO_INCREMENT=4 DEFAULT CHARSET=latin1;

-- Dumping data for table bonfire.currency: ~3 rows (approximately)
DELETE FROM `currency`;
/*!40000 ALTER TABLE `currency` DISABLE KEYS */;
INSERT INTO `currency` (`id`, `code`, `sign`, `rate`, `date`) VALUES
	(1, 'USD', '$', 1.000, '2016-04-14 05:40:56'),
	(2, 'EUR', '€', 0.890, '2016-04-15 08:26:31'),
	(3, 'GBP', '£', 0.710, '2016-04-15 08:26:52');
/*!40000 ALTER TABLE `currency` ENABLE KEYS */;


-- Dumping structure for table bonfire.product
CREATE TABLE IF NOT EXISTS `product` (
  `id` int(11) NOT NULL AUTO_INCREMENT,
  `category_id` int(11) NOT NULL,
  `code` varchar(10) COLLATE utf8_unicode_ci NOT NULL,
  `title` varchar(50) COLLATE utf8_unicode_ci NOT NULL,
  `price` decimal(9,2) NOT NULL,
  `currency_id` int(11) NOT NULL,
  `description` varchar(1000) COLLATE utf8_unicode_ci DEFAULT NULL,
  `active` int(1) NOT NULL DEFAULT '1',
  `created_at` datetime DEFAULT NULL,
  `updated_at` datetime DEFAULT NULL,
  PRIMARY KEY (`id`),
  UNIQUE KEY `code` (`code`),
  KEY `category_id` (`category_id`),
  CONSTRAINT `FK_product_category` FOREIGN KEY (`category_id`) REFERENCES `category` (`id`)
) ENGINE=InnoDB AUTO_INCREMENT=42 DEFAULT CHARSET=utf8 COLLATE=utf8_unicode_ci;

-- Dumping data for table bonfire.product: ~5 rows (approximately)
DELETE FROM `product`;
/*!40000 ALTER TABLE `product` DISABLE KEYS */;
INSERT INTO `product` (`id`, `category_id`, `code`, `title`, `price`, `currency_id`, `description`, `active`, `created_at`, `updated_at`) VALUES
	(1, 7, '96567', 'Being Human Men White Striped Shirt', 14.00, 1, 'We suggest you team this shirt with a pair of slim fit jeans and leather boots. Add on a silver-toned watch and a fedora hat to complete the attire.', 1, '2016-04-14 16:06:39', '2016-04-14 16:06:39'),
	(3, 7, '78541', 'Peter England White Printed Casual Shirt', 13.99, 1, 'Sleek, polished, and boasting an impeccably modern fit, this blue, 2-but-\r\nton Lazio suit features a notch lapel, flap pockets, and accompanying flat\r\nfront trousers—all in pure wool by Vitale Barberis Canonico.\r\n\r\n•  Dark blue suit for a tone-on-tone look\r\n•  Regular fit\r\n•  100% Cotton\r\n•  Free shipping with 4 days delivery\r\n', 1, '2016-04-14 16:08:33', '2016-04-15 12:06:59'),
	(4, 3, '12345', 'Reebok Women Black Finish Lite Running Shoes', 35.56, 2, 'Exercise in style by teaming these shoes with a graphic vest and jogger pants for an athletic look.', 1, '2016-04-14 16:09:45', '2016-04-16 15:23:03'),
	(5, 11, '34567', 'Knotty Derby Men Beige & Brown Casual Shoes', 22.88, 3, 'Club these casual shoes with a white T-shirt and a pair of dark blue denims while heading out for a casual evening.', 1, '2016-04-14 17:42:17', '2016-04-16 15:22:53'),
	(6, 3, '345678', 'Knotty Derby Men Beige & Brown Casual Shoes', 22.88, 3, 'Club these casual shoes with a white T-shirt and a pair of dark blue denims while heading out for a casual evening.', 1, '2016-04-14 17:53:00', '2016-04-16 15:22:23'),
	(7, 7, 'BRKBA15AMC', 'Breakbounce Men Maroon Polo T-shirt', 11.99, 1, 'ompose a stylish look by pairing this T-shirt with grey trousers and brown casual shoes. Accentuate the whole look with a pair of aviators and a baseball cap', 1, '2016-04-16 22:04:43', '2016-04-16 22:04:43'),
	(15, 7, '123', 'Breakbounce Men Maroon Polo T-shirt', 11.99, 1, 'ompose a stylish look by pairing this T-shirt with grey trousers and brown casual shoes. Accentuate the whole look with a pair of aviators and a baseball cap', 0, '2016-04-16 22:08:58', '2016-04-17 15:03:15'),
	(16, 3, '123a', 'Breakbounce Men Maroon Polo T-shirt', 11.99, 1, 'ompose a stylish look by pairing this T-shirt with grey trousers and brown casual shoes. Accentuate the whole look with a pair of aviators and a baseball cap', 1, '2016-04-16 22:10:31', '2016-04-16 22:10:31'),
	(17, 9, 'ANDZA15AWW', 'AND Women Red Shift Dress', 15.99, 1, 'Nothing says bold like this stunning red dress. Simply wear it with leather booties and carry a tote bag for a killer ensemble.', 1, '2016-04-16 22:24:33', '2016-04-16 22:24:33'),
	(18, 9, 'TVNCS16AWW', 'The Vanca Women Black Lace Bodycon Dres', 11.89, 1, 'For a bold and beautiful look, coordinate this dress with a pair of black pumps and a statement bracelet. Add on a pair of metallic earrings and a box clutch to complete the ensemble.', 1, '2016-04-16 22:35:55', '2016-04-16 22:35:55'),
	(19, 13, 'ABOFS16FWC', 'Women White Sandals', 24.95, 1, 'Walk in style by teaming these sandals with a pair of jeggings and a printed top. Add on silver-toned accessories to complete the look.', 1, '2016-04-16 22:56:38', '2016-04-16 22:56:38'),
	(20, 13, 'WEBLA15FWC', 'Wet Blue Women Pink Wedge Sandals', 13.59, 1, 'Coordinate these wedge sandals with a white blouse and a pair of palazzo pants. Add on a pair of silver-toned watch to complete the ensemble.', 0, '2016-04-16 23:09:52', '2016-04-16 23:14:32'),
	(21, 9, 'BOSNS16AWW', 'Bossini Women Blue Distressed Denim Shorts', 11.99, 1, 'Blue lightly washed denims shorts, has a zip fly and button closure, 5-pocket styling, distressed detail on the front. For a carefree chic look, complement these shorts with a cropped graphic tee and a pair of ankle-length casual boots. Accentuate the look with a pair of teashades and a trendy shrug.\r\n(category women/ shorts & skirts)', 1, '2016-04-16 23:24:03', '2016-04-16 23:42:20'),
	(22, 9, 'ABOFA15AWW', 'Women Black Skirt (category shorts & skirts) ', 14.95, 1, 'Black skirt in a textured knit, has a waistband, extended overlay on the front, a short concealed zip closure on the back. Team this skirt with a grey high neck sweater and black boots. Complement it with a casual jacket and a pair of aviators for a chic look.\r\n', 1, '2016-04-16 23:32:54', '2016-04-16 23:36:46'),
	(23, 8, 'NINES16AWW', 'Women Dark Blue Printed Sheer Regular Fit Shirt', 9.99, 1, 'Dark blue woven printed sheer shirt, has a shirt collar, solid long sleeves with contrast button cuffs, a concealed full button placket.  Style this shirt with black trousers and black casual sandals. Carry along a handbag to complete the look.', 0, '2016-04-16 23:54:25', '2016-04-16 23:56:19'),
	(25, 8, 'TVNCA15AWW', 'The Vanca Women Blue Denim Shirt', 9.99, 1, 'Create a street style by matching this shirt with a striped top and a pair of blue jeans. Complete the ensemble with a pair of black boots and statement accessories.', 1, '2016-04-17 00:01:53', '2016-04-17 00:01:53'),
	(26, 8, 'DEALS16AWW', 'Women Orange & Pink Printed Shirt', 11.95, 1, 'Orange and pink woven printed shirt, has a spread collar with split V, full button placket on the front, contrast yoke on the front that extends to the back, sleeveless, curved hemline', 1, '2016-04-17 00:11:55', '2016-04-17 00:11:55'),
	(29, 13, '15FWCWWD9K', 'Wet Blue Women Pink Wedge Sandals', 13.59, 1, 'Coordinate these wedge sandals with a white blouse and a pair of palazzo pants. Add on a pair of silver-toned watch to complete the ensemble.', 1, '2016-04-17 00:17:35', '2016-04-17 00:17:35'),
	(30, 12, 'BATAS16FWC', 'Bata Women Brown Flip Flops', 7.99, 1, 'Complement these flip flops with a kurta and a pair of leggings. You can also match it with a top and a pair of palazzos for a stylish look.', 1, '2016-04-17 00:24:54', '2016-04-17 00:24:54'),
	(31, 12, 'LAVIS16FWC', 'Lavie Women Pink Flip Flops', 3.99, 1, 'Dress up for the beach by teaming these flip flops with a summery dress. Add on a fedora hat to complete the ensemble.', 1, '2016-04-17 00:34:30', '2016-04-17 00:34:30'),
	(32, 4, 'SFJNS16AWW', 'Women Blue Distressed Jeans', 18.99, 1, 'Put together a stylish look by teaming these jeans with a black top and a pair of open-toed sandals. Add on a pair of aviators and carry a bright-toned sling bag to add elegance to the attire.', 1, '2016-04-17 00:52:52', '2016-04-17 00:52:52'),
	(33, 4, 'LEEZS16AWW', 'Lee Women Lisac Sky Blue Jeans', 34.99, 1, 'Team these jeans with a top and a pair of heels for a stylish look. You can also match it with a shirt and a pair of casual shoes for a smart casual look.', 1, '2016-04-17 00:59:54', '2016-04-17 00:59:54'),
	(34, 9, 'VEMDS16AWW', 'Women Multicolor Printed Blazer', 23.07, 1, 'Layer this trendy blazer with a black tank top and a pink skater skirt for a carefree casual look. Complete the ensemble with a pair of casual shoes and teashades.', 1, '2016-04-17 01:22:30', '2016-04-17 01:22:30'),
	(35, 14, 'ONLYS16AWW', 'Only Women Light Blue Blazer', 26.95, 1, 'Layer this blazer over a white top teamed with a pair of striped jeans and heels. Highlight the ensemble by adding a neckpiece and a metallic strap watch.\r\n', 1, '2016-04-17 01:32:21', '2016-04-17 11:20:15'),
	(36, 3, 'PEPEA15AMD', 'Pepe Men Soho Navy Jeans', 33.99, 1, 'Club these jeans with a pair of brown casual shoes and a light grey T-shirt. Add on a pair of wayfarers to steal the limelight.', 1, '2016-04-17 01:47:18', '2016-04-17 01:47:18'),
	(37, 3, 'ABOFS16AMC', 'Men Samurai Blue Slim Fit Distressed Jeans', 17.95, 1, 'Team these jeans with a printed tee and a pair of canvas sneakers for a smart casual look. Accentuate the style with a pair of wayfarers.', 1, '2016-04-17 02:00:41', '2016-04-17 02:00:41'),
	(38, 11, 'PUMAS16FMC', 'Puma Men Blue & Red Casual Shoes', 27.99, 1, 'Sport a fun casual look by slipping into these shoes and team them with a pair of chino shorts and a printed tee or a polo T-shirt. Accessorize with a pair of aviators to complete the look.', 0, '2016-04-17 02:30:54', '2016-04-17 02:31:16'),
	(39, 11, 'SNFCS16FMF', 'San Frissco Men Tan Brown Brogues', 24.95, 1, 'Style these shoes with a pair of slim trousers and a crisp formal shirt. Add on a matching belt and a blazer to add a classy touch of this formal ensemble.', 1, '2016-04-17 02:35:42', '2016-04-17 02:35:42'),
	(40, 11, 'KNDBS16FMF', 'Knotty Derby Men Brown Derby Shoes', 22.88, 1, 'Team these brown derby shoes with a pair of formal trousers and a navy blue shirt. Add on a beige printed tie to accentuate the look.', 0, '2016-04-17 02:43:35', '2016-04-17 02:44:33'),
	(41, 11, 'DBS16FMFWD', 'Knotty Derby Men Brown Derby Shoes', 22.88, 1, 'Team these brown derby shoes with a pair of formal trousers and a navy blue shirt. Add on a beige printed tie to accentuate the look.', 1, '2016-04-17 02:46:02', '2016-04-17 02:46:02');
/*!40000 ALTER TABLE `product` ENABLE KEYS */;


-- Dumping structure for table bonfire.product_batch
CREATE TABLE IF NOT EXISTS `product_batch` (
  `id` int(11) NOT NULL AUTO_INCREMENT,
  `product_id` int(11) NOT NULL,
  `batch_no` varchar(10) NOT NULL,
  `size` varchar(50) NOT NULL,
  `color` varchar(50) NOT NULL,
  `qty` int(11) NOT NULL,
  `created_at` datetime NOT NULL,
  `updated_at` datetime NOT NULL,
  PRIMARY KEY (`id`),
  UNIQUE KEY `product_id_batch_no` (`product_id`,`batch_no`),
  KEY `FK_product_batch_product` (`product_id`),
  CONSTRAINT `FK_product_batch_product` FOREIGN KEY (`product_id`) REFERENCES `product` (`id`)
) ENGINE=InnoDB AUTO_INCREMENT=91 DEFAULT CHARSET=latin1;

-- Dumping data for table bonfire.product_batch: ~2 rows (approximately)
DELETE FROM `product_batch`;
/*!40000 ALTER TABLE `product_batch` DISABLE KEYS */;
INSERT INTO `product_batch` (`id`, `product_id`, `batch_no`, `size`, `color`, `qty`, `created_at`, `updated_at`) VALUES
	(1, 1, '1234', '11', 'red', 6, '2016-04-14 18:13:18', '2016-04-14 18:13:18'),
	(2, 3, '12341', '11', 'red', 6, '2016-04-14 18:13:18', '2016-04-16 14:13:56'),
	(4, 3, '123415', '12', 'blue', 3, '2016-04-14 18:13:18', '2016-04-16 14:13:56'),
	(5, 18, '23567', 's', 'black', 12, '2016-04-16 22:39:24', '2016-04-16 22:39:24'),
	(6, 18, '23456', 'm', 'black', 8, '2016-04-16 22:41:40', '2016-04-16 22:41:40'),
	(7, 1, '23546', 'l', 'black', 10, '2016-04-16 22:42:10', '2016-04-16 22:42:10'),
	(8, 19, '56789', '36', 'white', 4, '2016-04-16 22:57:23', '2016-04-16 22:57:23'),
	(9, 19, '56788', '38', 'white', 6, '2016-04-16 22:58:21', '2016-04-16 23:01:02'),
	(10, 19, '56787', '37', 'white', 4, '2016-04-16 23:00:19', '2016-04-16 23:00:19'),
	(11, 19, '56786', '39', 'white', 5, '2016-04-16 23:01:35', '2016-04-16 23:01:35'),
	(12, 19, '56785', '40', 'white', 4, '2016-04-16 23:02:23', '2016-04-16 23:02:23'),
	(13, 19, '56784', '41', 'white', 5, '2016-04-16 23:04:28', '2016-04-16 23:04:28'),
	(14, 21, '6789', '26', 'blue', 8, '2016-04-16 23:25:48', '2016-04-16 23:25:48'),
	(15, 21, '6788', '28', 'blue', 10, '2016-04-16 23:26:25', '2016-04-16 23:26:25'),
	(16, 21, '6787', '30', 'blue', 12, '2016-04-16 23:26:56', '2016-04-16 23:26:56'),
	(17, 21, '6786', '32', 'blue', 7, '2016-04-16 23:27:30', '2016-04-16 23:27:30'),
	(18, 21, '6785', '34', 'blue', 8, '2016-04-16 23:27:53', '2016-04-16 23:27:53'),
	(19, 1, '7891', 's', 'black', 10, '2016-04-16 23:37:55', '2016-04-16 23:37:55'),
	(20, 22, '7892', 'm', 'black', 11, '2016-04-16 23:38:18', '2016-04-16 23:38:18'),
	(21, 22, '7893', 'l', 'black', 12, '2016-04-16 23:38:47', '2016-04-16 23:38:47'),
	(22, 25, '1234', 's', 'blue', 5, '2016-04-17 00:02:48', '2016-04-17 00:02:48'),
	(23, 25, '1232', 'm', 'blue', 6, '2016-04-17 00:03:15', '2016-04-17 00:03:15'),
	(24, 25, '1233', 'l', 'blue', 7, '2016-04-17 00:03:35', '2016-04-17 00:03:35'),
	(25, 25, '1231', 'xl', 'blue', 7, '2016-04-17 00:04:07', '2016-04-17 00:04:07'),
	(26, 26, '3456', 's', 'orange', 8, '2016-04-17 00:12:43', '2016-04-17 00:12:43'),
	(27, 26, '3457', 'm', 'orange', 9, '2016-04-17 00:13:02', '2016-04-17 00:13:02'),
	(28, 26, '3458', 'l', 'orange', 9, '2016-04-17 00:13:20', '2016-04-17 00:13:20'),
	(29, 26, '3459', 'xl', 'orange', 6, '2016-04-17 00:13:42', '2016-04-17 00:13:42'),
	(30, 29, '1122', '36', 'pink', 12, '2016-04-17 00:18:53', '2016-04-17 00:18:53'),
	(31, 29, '1133', '37', 'pink', 14, '2016-04-17 00:19:22', '2016-04-17 00:19:22'),
	(32, 29, '1144', '38', 'pink', 14, '2016-04-17 00:19:41', '2016-04-17 00:19:41'),
	(33, 29, '1155', '39', 'pink', 15, '2016-04-17 00:20:20', '2016-04-17 00:20:20'),
	(34, 29, '1166', '40', 'pink', 12, '2016-04-17 00:20:44', '2016-04-17 00:20:44'),
	(35, 30, '2211', '36', 'brown', 11, '2016-04-17 00:25:34', '2016-04-17 00:25:34'),
	(36, 30, '2212', '37', 'brown', 12, '2016-04-17 00:25:54', '2016-04-17 00:25:54'),
	(37, 30, '2213', '38', 'brown', 15, '2016-04-17 00:26:23', '2016-04-17 00:26:23'),
	(38, 30, '2214', '39', 'brown', 14, '2016-04-17 00:26:43', '2016-04-17 00:26:43'),
	(39, 30, '2215', '40', 'brown', 16, '2016-04-17 00:27:02', '2016-04-17 00:27:02'),
	(40, 31, '2221', '36', 'pink', 11, '2016-04-17 00:35:28', '2016-04-17 00:35:28'),
	(41, 31, '2222', '37', 'pink', 12, '2016-04-17 00:35:48', '2016-04-17 00:35:48'),
	(42, 31, '2231', '38', 'pink', 35, '2016-04-17 00:36:26', '2016-04-17 00:36:26'),
	(43, 31, '2241', '39', 'pink', 17, '2016-04-17 00:36:49', '2016-04-17 00:36:49'),
	(44, 31, '2251', '40', 'pink', 16, '2016-04-17 00:37:08', '2016-04-17 00:37:08'),
	(45, 32, '0987', '26', 'blue', 15, '2016-04-17 00:53:47', '2016-04-17 00:53:47'),
	(46, 32, '0986', '28', 'blue', 20, '2016-04-17 00:54:06', '2016-04-17 00:54:06'),
	(47, 32, '0985', '30', 'blue', 16, '2016-04-17 00:54:34', '2016-04-17 00:54:34'),
	(48, 32, '0984', '32', 'blue', 19, '2016-04-17 00:55:13', '2016-04-17 00:55:13'),
	(49, 32, '0983', '34', 'blue', 16, '2016-04-17 00:55:36', '2016-04-17 00:55:36'),
	(50, 33, '8811', '26', 'blue', 15, '2016-04-17 01:00:52', '2016-04-17 01:00:52'),
	(51, 33, '8812', '28', 'blue', 20, '2016-04-17 01:01:10', '2016-04-17 01:01:10'),
	(52, 33, '8813', '30', 'blue', 19, '2016-04-17 01:01:35', '2016-04-17 01:01:35'),
	(53, 33, '8814', '32', 'blue', 22, '2016-04-17 01:02:03', '2016-04-17 01:02:03'),
	(54, 33, '8815', '34', 'blue', 17, '2016-04-17 01:02:22', '2016-04-17 01:02:22'),
	(55, 34, '0011', '36', 'multicolor', 15, '2016-04-17 01:23:22', '2016-04-17 01:23:22'),
	(56, 34, '0022', '38', 'multicolor', 22, '2016-04-17 01:23:41', '2016-04-17 01:23:41'),
	(57, 34, '0033', '40', 'multicolor', 17, '2016-04-17 01:24:07', '2016-04-17 01:24:07'),
	(58, 34, '0044', '42', 'multicolor', 21, '2016-04-17 01:24:29', '2016-04-17 01:24:29'),
	(59, 34, '0055', '34', 'multicolor', 16, '2016-04-17 01:24:53', '2016-04-17 01:24:53'),
	(60, 35, '4422', '34', 'blue', 14, '2016-04-17 01:33:11', '2016-04-17 01:33:11'),
	(61, 35, '4433', '36', 'blue', 16, '2016-04-17 01:33:36', '2016-04-17 01:33:36'),
	(62, 35, '4444', '38', 'blue', 18, '2016-04-17 01:34:01', '2016-04-17 01:34:01'),
	(63, 35, '4455', '40', 'blue', 16, '2016-04-17 01:34:24', '2016-04-17 01:34:24'),
	(64, 35, '4466', '42', 'blue', 18, '2016-04-17 01:34:42', '2016-04-17 01:34:42'),
	(65, 1, '7711', '30', 'navy', 8, '2016-04-17 01:48:32', '2016-04-17 01:48:32'),
	(66, 36, '7722', '32', 'navy', 9, '2016-04-17 01:48:51', '2016-04-17 01:48:51'),
	(67, 36, '7733', '32', 'navy', 7, '2016-04-17 01:49:08', '2016-04-17 01:49:08'),
	(68, 36, '7744', '36', 'navy', 6, '2016-04-17 01:49:29', '2016-04-17 01:49:29'),
	(69, 36, '7755', '38', 'navy', 9, '2016-04-17 01:50:08', '2016-04-17 01:50:08'),
	(71, 36, '7766', '34', 'navy', 7, '2016-04-17 01:53:01', '2016-04-17 01:53:01'),
	(72, 36, '7777', '40', 'navy', 10, '2016-04-17 01:53:21', '2016-04-17 01:53:21'),
	(73, 37, '1630', '30', 'blue', 12, '2016-04-17 02:03:16', '2016-04-17 02:03:16'),
	(74, 37, '1632', '32', 'blue', 14, '2016-04-17 02:03:36', '2016-04-17 02:03:36'),
	(75, 37, '1634', '34', 'blue', 15, '2016-04-17 02:03:55', '2016-04-17 02:03:55'),
	(76, 37, '1636', '36', 'blue', 16, '2016-04-17 02:04:18', '2016-04-17 02:04:18'),
	(77, 37, '1638', '38', 'blue', 17, '2016-04-17 02:04:38', '2016-04-17 02:04:38'),
	(78, 37, '1640', '40', 'blue', 15, '2016-04-17 02:05:35', '2016-04-17 02:05:35'),
	(79, 39, '1006', '6', 'tan brown', 16, '2016-04-17 02:36:35', '2016-04-17 02:36:35'),
	(80, 39, '1007', '7', 'tan brown', 8, '2016-04-17 02:36:51', '2016-04-17 02:36:51'),
	(81, 39, '1008', '8', 'tan brown', 9, '2016-04-17 02:37:06', '2016-04-17 02:37:06'),
	(82, 39, '1009', '9', 'tan brown', 18, '2016-04-17 02:37:22', '2016-04-17 02:37:22'),
	(83, 39, '1010', '10', 'tan brown', 6, '2016-04-17 02:37:44', '2016-04-17 02:37:44'),
	(84, 39, '1011', '11', 'tan brown', 12, '2016-04-17 02:38:08', '2016-04-17 02:38:08'),
	(85, 41, '6140', '40', 'brown', 11, '2016-04-17 02:48:28', '2016-04-17 02:48:28'),
	(86, 41, '6141', '41', 'brown', 14, '2016-04-17 02:48:49', '2016-04-17 02:48:49'),
	(87, 41, '6142', '42', 'brown', 16, '2016-04-17 02:49:12', '2016-04-17 02:49:12'),
	(88, 41, '6143', '43', 'brown', 12, '2016-04-17 02:49:33', '2016-04-17 02:49:33'),
	(89, 41, '6144', '44', 'brown', 16, '2016-04-17 02:49:51', '2016-04-17 02:49:51'),
	(90, 41, '6145', '45', 'brown', 12, '2016-04-17 02:50:12', '2016-04-17 02:50:12');
/*!40000 ALTER TABLE `product_batch` ENABLE KEYS */;


-- Dumping structure for table bonfire.product_photo
CREATE TABLE IF NOT EXISTS `product_photo` (
  `name` char(16) NOT NULL,
  `product_id` int(11) NOT NULL,
  `position` smallint(6) DEFAULT NULL,
  `created_at` datetime NOT NULL,
  `updated_at` timestamp NOT NULL DEFAULT CURRENT_TIMESTAMP ON UPDATE CURRENT_TIMESTAMP,
  UNIQUE KEY `name` (`name`),
  KEY `FK_product_photo_product` (`product_id`),
  CONSTRAINT `FK_product_photo_product` FOREIGN KEY (`product_id`) REFERENCES `product` (`id`)
) ENGINE=InnoDB DEFAULT CHARSET=latin1;

-- Dumping data for table bonfire.product_photo: ~0 rows (approximately)
DELETE FROM `product_photo`;
/*!40000 ALTER TABLE `product_photo` DISABLE KEYS */;
INSERT INTO `product_photo` (`name`, `product_id`, `position`, `created_at`, `updated_at`) VALUES
	('0Azj1YIPu.jpg', 21, NULL, '2016-04-16 23:42:21', '2016-04-16 23:42:21'),
	('0iCs6aTlV.jpg', 23, NULL, '2016-04-16 23:54:25', '2016-04-16 23:54:25'),
	('0ldj632Ch.jpg', 30, NULL, '2016-04-17 00:24:54', '2016-04-17 00:24:54'),
	('0OAjq0TkL.jpg', 17, NULL, '2016-04-16 22:24:34', '2016-04-16 22:24:34'),
	('0qKFmWOBD.jpg', 40, NULL, '2016-04-17 02:43:35', '2016-04-17 02:43:35'),
	('1auguDzc4.jpg', 23, NULL, '2016-04-16 23:54:26', '2016-04-16 23:54:26'),
	('1uyu4p6aW.jpg', 36, NULL, '2016-04-17 01:47:18', '2016-04-17 01:47:18'),
	('1vvKUCnov.jpg', 22, NULL, '2016-04-16 23:32:54', '2016-04-16 23:32:54'),
	('1zkAqnAvO.jpg', 25, NULL, '2016-04-17 00:01:53', '2016-04-17 00:01:53'),
	('2ThXQIdzu.jpg', 20, NULL, '2016-04-16 23:11:12', '2016-04-16 23:11:12'),
	('2yXvhamme.jpg', 19, NULL, '2016-04-16 22:56:38', '2016-04-16 22:56:38'),
	('33f5sys2e.jpg', 38, NULL, '2016-04-17 02:30:54', '2016-04-17 02:30:54'),
	('367zlzbKb.jpg', 29, NULL, '2016-04-17 00:17:35', '2016-04-17 00:17:35'),
	('3DueAXuO0.jpg', 21, NULL, '2016-04-16 23:42:21', '2016-04-16 23:42:21'),
	('3hRiQ9FRE.jpg', 35, NULL, '2016-04-17 01:32:21', '2016-04-17 01:32:21'),
	('3wfTXYZhs.jpg', 21, NULL, '2016-04-16 23:24:03', '2016-04-16 23:24:03'),
	('56oAydQjd.jpg', 20, NULL, '2016-04-16 23:12:20', '2016-04-16 23:12:20'),
	('5arwVObNq.jpg', 31, NULL, '2016-04-17 00:34:30', '2016-04-17 00:34:30'),
	('5bomVsrOh.jpg', 19, NULL, '2016-04-16 22:56:38', '2016-04-16 22:56:38'),
	('5vWZrxjLh.jpg', 26, NULL, '2016-04-17 00:11:55', '2016-04-17 00:11:55'),
	('6Fo5Ra5cc.jpg', 36, NULL, '2016-04-17 01:47:18', '2016-04-17 01:47:18'),
	('6y9fIEuLx.jpg', 17, NULL, '2016-04-16 22:24:34', '2016-04-16 22:24:34'),
	('7ruLgEnSN.jpg', 35, NULL, '2016-04-17 01:32:21', '2016-04-17 01:32:21'),
	('83DesaHNm.jpg', 26, NULL, '2016-04-17 00:11:55', '2016-04-17 00:11:55'),
	('89ta8ixo1.jpg', 17, NULL, '2016-04-16 22:24:34', '2016-04-16 22:24:34'),
	('8Fp1cK1qm.jpg', 40, NULL, '2016-04-17 02:44:11', '2016-04-17 02:44:11'),
	('9DgiY9S4P.jpg', 20, NULL, '2016-04-16 23:12:20', '2016-04-16 23:12:20'),
	('9KgPjBWQi.jpg', 31, NULL, '2016-04-17 00:34:30', '2016-04-17 00:34:30'),
	('9pz5WUT2c.jpg', 26, NULL, '2016-04-17 00:11:55', '2016-04-17 00:11:55'),
	('AoHBqWwQB.jpg', 41, NULL, '2016-04-17 02:46:03', '2016-04-17 02:46:03'),
	('AoZjEUyoB.jpg', 19, NULL, '2016-04-16 22:56:38', '2016-04-16 22:56:38'),
	('b2lHX0f0Q.jpg', 32, NULL, '2016-04-17 00:52:52', '2016-04-17 00:52:52'),
	('BB5tBvrrT.jpg', 38, NULL, '2016-04-17 02:30:54', '2016-04-17 02:30:54'),
	('bevZ8vlt2.jpg', 30, NULL, '2016-04-17 00:24:54', '2016-04-17 00:24:54'),
	('BgibxuGR1.jpg', 20, NULL, '2016-04-16 23:09:52', '2016-04-16 23:09:52'),
	('BMHLYayVd.jpg', 17, NULL, '2016-04-16 22:24:34', '2016-04-16 22:24:34'),
	('cpHeb0UWQ.jpg', 39, NULL, '2016-04-17 02:35:42', '2016-04-17 02:35:42'),
	('CrSMFNSx2.jpeg', 3, NULL, '2016-04-16 16:55:19', '2016-04-16 16:55:19'),
	('cTJkolamm.jpg', 20, NULL, '2016-04-16 23:13:26', '2016-04-16 23:13:26'),
	('daihoaxTg.jpg', 26, NULL, '2016-04-17 00:11:55', '2016-04-17 00:11:55'),
	('dFXwlAOwY.jpg', 37, NULL, '2016-04-17 02:00:42', '2016-04-17 02:00:42'),
	('DO9zuxp35.jpg', 37, NULL, '2016-04-17 02:00:42', '2016-04-17 02:00:42'),
	('dRgIzo4W1.jpg', 41, NULL, '2016-04-17 02:46:03', '2016-04-17 02:46:03'),
	('dxYVBAVSS.jpg', 22, NULL, '2016-04-16 23:36:46', '2016-04-16 23:36:46'),
	('egQZDQ8R6.jpg', 36, NULL, '2016-04-17 01:47:18', '2016-04-17 01:47:18'),
	('EkIovVz2u.jpg', 37, NULL, '2016-04-17 02:00:42', '2016-04-17 02:00:42'),
	('ElkKnRO3N.jpg', 20, NULL, '2016-04-16 23:11:12', '2016-04-16 23:11:12'),
	('EolWKvcI0.jpg', 38, NULL, '2016-04-17 02:30:54', '2016-04-17 02:30:54'),
	('evsmKgiM6.jpg', 25, NULL, '2016-04-17 00:01:53', '2016-04-17 00:01:53'),
	('EysWtbpJG.jpg', 22, NULL, '2016-04-16 23:32:54', '2016-04-16 23:32:54'),
	('EZjoOC83F.jpg', 19, NULL, '2016-04-16 22:56:38', '2016-04-16 22:56:38'),
	('fPK3q4ZiO.jpg', 35, NULL, '2016-04-17 01:32:21', '2016-04-17 01:32:21'),
	('fud5dhMiC.jpg', 41, NULL, '2016-04-17 02:46:03', '2016-04-17 02:46:03'),
	('GgcFAnoQ8.jpg', 23, NULL, '2016-04-16 23:55:45', '2016-04-16 23:55:45'),
	('gIfARLhF0.jpg', 23, NULL, '2016-04-16 23:55:45', '2016-04-16 23:55:45'),
	('h3pOcPJCB.jpg', 16, NULL, '2016-04-16 22:10:31', '2016-04-16 22:10:31'),
	('H4K6Paw2r.jpg', 20, NULL, '2016-04-16 23:13:26', '2016-04-16 23:13:26'),
	('hhqOVUHGu.jpg', 33, NULL, '2016-04-17 00:59:54', '2016-04-17 00:59:54'),
	('i3filNGQp.jpg', 31, NULL, '2016-04-17 00:34:30', '2016-04-17 00:34:30'),
	('Id1XNcvOw.jpg', 34, NULL, '2016-04-17 01:22:31', '2016-04-17 01:22:31'),
	('inpup5pDI.jpg', 40, NULL, '2016-04-17 02:43:35', '2016-04-17 02:43:35'),
	('IwDoekSPH.jpg', 20, NULL, '2016-04-16 23:09:52', '2016-04-16 23:09:52'),
	('J6SVUDuIG.jpg', 20, NULL, '2016-04-16 23:13:26', '2016-04-16 23:13:26'),
	('Jbu0L9qJG.jpg', 18, NULL, '2016-04-16 22:35:55', '2016-04-16 22:35:55'),
	('kae4mNvy8.jpg', 25, NULL, '2016-04-17 00:01:53', '2016-04-17 00:01:53'),
	('KkTtLScpi.jpg', 29, NULL, '2016-04-17 00:17:35', '2016-04-17 00:17:35'),
	('KRjlMyln3.jpg', 36, NULL, '2016-04-17 01:47:18', '2016-04-17 01:47:18'),
	('lFHtOxR2V.jpg', 22, NULL, '2016-04-16 23:36:46', '2016-04-16 23:36:46'),
	('lTu4O6Kin.jpg', 32, NULL, '2016-04-17 00:52:52', '2016-04-17 00:52:52'),
	('md7i0h7ay.jpg', 34, NULL, '2016-04-17 01:22:31', '2016-04-17 01:22:31'),
	('mEfNLeUe2.jpg', 21, NULL, '2016-04-16 23:42:20', '2016-04-16 23:42:20'),
	('meQrv7tBf.jpg', 38, NULL, '2016-04-17 02:30:54', '2016-04-17 02:30:54'),
	('mIW6GyDjF.jpg', 18, NULL, '2016-04-16 22:35:56', '2016-04-16 22:35:56'),
	('mS9xLfjgY.jpg', 20, NULL, '2016-04-16 23:12:20', '2016-04-16 23:12:20'),
	('mTfNweHaI.jpg', 21, NULL, '2016-04-16 23:24:04', '2016-04-16 23:24:04'),
	('N0fwHa3Lt.jpg', 21, NULL, '2016-04-16 23:24:03', '2016-04-16 23:24:03'),
	('n183ur2P6.jpg', 23, NULL, '2016-04-16 23:55:45', '2016-04-16 23:55:45'),
	('N2rIHAICF.jpg', 20, NULL, '2016-04-16 23:11:12', '2016-04-16 23:11:12'),
	('nTySXPugn.jpg', 22, NULL, '2016-04-16 23:36:46', '2016-04-16 23:36:46'),
	('nYtalLxAt.jpg', 40, NULL, '2016-04-17 02:44:11', '2016-04-17 02:44:11'),
	('o83jdEivM.jpg', 20, NULL, '2016-04-16 23:11:12', '2016-04-16 23:11:12'),
	('Od8YmO3zG.jpeg', 3, NULL, '2016-04-16 16:53:56', '2016-04-16 16:53:56'),
	('OdjTpYrJx.jpg', 22, NULL, '2016-04-16 23:32:54', '2016-04-16 23:32:54'),
	('OSSpwdH7r.jpeg', 3, NULL, '2016-04-16 16:55:13', '2016-04-16 16:55:13'),
	('p58G9XHAU.jpg', 22, NULL, '2016-04-16 23:32:54', '2016-04-16 23:32:54'),
	('pfnAbjLIl.jpg', 32, NULL, '2016-04-17 00:52:52', '2016-04-17 00:52:52'),
	('pHNjkUsjb.jpg', 40, NULL, '2016-04-17 02:43:35', '2016-04-17 02:43:35'),
	('PS8rkdQCb.jpg', 29, NULL, '2016-04-17 00:17:35', '2016-04-17 00:17:35'),
	('PuVh7ex0Z.jpg', 25, NULL, '2016-04-17 00:01:53', '2016-04-17 00:01:53'),
	('q53xd3kY8.jpg', 39, NULL, '2016-04-17 02:35:42', '2016-04-17 02:35:42'),
	('q8qLeyalG.jpg', 35, NULL, '2016-04-17 01:32:21', '2016-04-17 01:32:21'),
	('QAFc7MHNz.jpg', 21, NULL, '2016-04-16 23:24:03', '2016-04-16 23:24:03'),
	('QchFgjT6B.jpg', 41, NULL, '2016-04-17 02:46:02', '2016-04-17 02:46:02'),
	('qLYDjs2fe.jpg', 20, NULL, '2016-04-16 23:12:20', '2016-04-16 23:12:20'),
	('R4uVyjnli.jpg', 39, NULL, '2016-04-17 02:35:42', '2016-04-17 02:35:42'),
	('RaOG1XXn4.jpg', 33, NULL, '2016-04-17 00:59:54', '2016-04-17 00:59:54'),
	('Rxg6Pd0wC.jpg', 23, NULL, '2016-04-16 23:55:45', '2016-04-16 23:55:45'),
	('sFbiEM3x1.jpg', 32, NULL, '2016-04-17 00:52:52', '2016-04-17 00:52:52'),
	('SJovjGdOU.jpg', 39, NULL, '2016-04-17 02:35:42', '2016-04-17 02:35:42'),
	('SkY0xz6Iu.jpg', 29, NULL, '2016-04-17 00:17:36', '2016-04-17 00:17:36'),
	('TobhpA6vG.jpg', 37, NULL, '2016-04-17 02:00:42', '2016-04-17 02:00:42'),
	('uDyC59wgY.jpg', 30, NULL, '2016-04-17 00:24:54', '2016-04-17 00:24:54'),
	('uHktweft4.jpg', 30, NULL, '2016-04-17 00:24:54', '2016-04-17 00:24:54'),
	('ujWJ4Q7mc.jpg', 20, NULL, '2016-04-16 23:09:52', '2016-04-16 23:09:52'),
	('uMEm6s3yw.jpg', 16, NULL, '2016-04-16 22:10:31', '2016-04-16 22:10:31'),
	('UnApo6vAx.jpg', 23, NULL, '2016-04-16 23:54:25', '2016-04-16 23:54:25'),
	('Ux2cZ2Zxz.jpg', 40, NULL, '2016-04-17 02:44:11', '2016-04-17 02:44:11'),
	('Vg8doPclS.jpg', 34, NULL, '2016-04-17 01:22:31', '2016-04-17 01:22:31'),
	('VGSk82ski.jpg', 18, NULL, '2016-04-16 22:35:56', '2016-04-16 22:35:56'),
	('vlRqubz68.jpg', 21, NULL, '2016-04-16 23:42:21', '2016-04-16 23:42:21'),
	('Vm7X448aM.jpg', 20, NULL, '2016-04-16 23:09:52', '2016-04-16 23:09:52'),
	('Vs9O4t9WW.jpg', 40, NULL, '2016-04-17 02:43:35', '2016-04-17 02:43:35'),
	('VsfzHPXHw.jpeg', 3, NULL, '2016-04-16 16:23:04', '2016-04-16 16:23:04'),
	('wuAF7W0Mz.jpg', 16, NULL, '2016-04-16 22:10:31', '2016-04-16 22:10:31'),
	('xNaKVjPEl.jpg', 16, NULL, '2016-04-16 22:10:31', '2016-04-16 22:10:31'),
	('xOf5S6Xd6.jpg', 23, NULL, '2016-04-16 23:54:26', '2016-04-16 23:54:26'),
	('YfS5Ujy3I.jpg', 18, NULL, '2016-04-16 22:35:56', '2016-04-16 22:35:56'),
	('YFxO3aREs.jpg', 22, NULL, '2016-04-16 23:36:46', '2016-04-16 23:36:46'),
	('YPBZCr5yv.jpg', 31, NULL, '2016-04-17 00:34:30', '2016-04-17 00:34:30'),
	('ZE7drVsd0.jpg', 20, NULL, '2016-04-16 23:13:26', '2016-04-16 23:13:26'),
	('ZjBEA2mVc.jpg', 33, NULL, '2016-04-17 00:59:54', '2016-04-17 00:59:54'),
	('znNkCsyaY.jpg', 33, NULL, '2016-04-17 00:59:54', '2016-04-17 00:59:54'),
	('zqlSuxBoX.jpg', 40, NULL, '2016-04-17 02:44:11', '2016-04-17 02:44:11'),
	('ztX9w04UR.jpg', 34, NULL, '2016-04-17 01:22:31', '2016-04-17 01:22:31');
/*!40000 ALTER TABLE `product_photo` ENABLE KEYS */;


-- Dumping structure for table bonfire.product_review
CREATE TABLE IF NOT EXISTS `product_review` (
  `product_id` int(11) NOT NULL,
  `rating` smallint(6) NOT NULL,
  `created_at` datetime NOT NULL,
  `updated_at` timestamp NOT NULL DEFAULT CURRENT_TIMESTAMP,
  `ip` char(16) DEFAULT NULL
) ENGINE=InnoDB DEFAULT CHARSET=latin1;

-- Dumping data for table bonfire.product_review: ~40 rows (approximately)
DELETE FROM `product_review`;
/*!40000 ALTER TABLE `product_review` DISABLE KEYS */;
INSERT INTO `product_review` (`product_id`, `rating`, `created_at`, `updated_at`, `ip`) VALUES
	(3, 2, '2016-04-15 19:04:07', '2016-04-15 19:04:07', '46.32.163.233'),
	(3, 5, '2016-04-15 19:12:37', '2016-04-15 19:12:37', '46.32.163.234'),
	(3, 5, '2016-04-15 19:13:01', '2016-04-15 19:13:01', '46.32.163.231'),
	(3, 1, '2016-04-15 19:13:23', '2016-04-15 19:13:23', '46.32.163.232'),
	(3, 5, '2016-04-15 19:17:02', '2016-04-15 19:17:02', '46.32.163.235'),
	(3, 2, '2016-04-15 19:17:04', '2016-04-15 19:17:04', '46.32.163.235'),
	(3, 5, '2016-04-15 19:17:08', '2016-04-15 19:17:08', '46.32.163.235'),
	(3, 5, '2016-04-15 19:17:10', '2016-04-15 19:17:10', '46.32.163.235'),
	(3, 5, '2016-04-15 19:17:13', '2016-04-15 19:17:13', '46.32.163.235'),
	(3, 5, '2016-04-15 19:17:15', '2016-04-15 19:17:15', '46.32.163.235'),
	(3, 5, '2016-04-15 19:17:16', '2016-04-15 19:17:16', '46.32.163.235'),
	(3, 5, '2016-04-15 19:17:37', '2016-04-15 19:17:37', '46.32.163.235'),
	(3, 5, '2016-04-15 19:18:19', '2016-04-15 19:18:19', '46.32.163.235'),
	(3, 3, '2016-04-15 19:18:29', '2016-04-15 19:18:29', '46.32.163.235'),
	(3, 4, '2016-04-15 19:18:30', '2016-04-15 19:18:30', '46.32.163.235'),
	(3, 5, '2016-04-15 19:18:37', '2016-04-15 19:18:37', '46.32.163.235'),
	(3, 2, '2016-04-15 19:19:12', '2016-04-15 19:19:12', '46.32.163.235'),
	(3, 5, '2016-04-15 19:19:19', '2016-04-15 19:19:19', '46.32.163.235'),
	(3, 5, '2016-04-15 19:19:48', '2016-04-15 19:19:48', '46.32.163.235'),
	(3, 5, '2016-04-15 19:22:47', '2016-04-15 19:22:47', '46.32.163.235'),
	(3, 5, '2016-04-15 19:24:10', '2016-04-15 19:24:10', '46.32.163.235'),
	(3, 4, '2016-04-15 19:24:13', '2016-04-15 19:24:13', '46.32.163.235'),
	(3, 2, '2016-04-15 19:24:14', '2016-04-15 19:24:14', '46.32.163.235'),
	(3, 4, '2016-04-15 19:24:15', '2016-04-15 19:24:15', '46.32.163.235'),
	(3, 5, '2016-04-15 19:24:15', '2016-04-15 19:24:15', '46.32.163.235'),
	(3, 5, '2016-04-15 19:25:10', '2016-04-15 19:25:10', '46.32.163.235'),
	(3, 4, '2016-04-15 19:25:16', '2016-04-15 19:25:16', '46.32.163.235'),
	(3, 1, '2016-04-15 19:25:17', '2016-04-15 19:25:17', '46.32.163.235'),
	(3, 5, '2016-04-15 19:25:20', '2016-04-15 19:25:20', '46.32.163.235'),
	(3, 4, '2016-04-15 19:25:22', '2016-04-15 19:25:22', '46.32.163.235'),
	(3, 3, '2016-04-15 19:25:23', '2016-04-15 19:25:23', '46.32.163.235'),
	(3, 5, '2016-04-15 19:26:52', '2016-04-15 19:26:52', '46.32.163.235'),
	(3, 2, '2016-04-15 19:26:54', '2016-04-15 19:26:54', '46.32.163.235'),
	(3, 5, '2016-04-15 23:09:48', '2016-04-15 23:09:48', '217.168.188.81'),
	(3, 3, '2016-04-15 23:09:51', '2016-04-15 23:09:51', '217.168.188.81'),
	(3, 4, '2016-04-15 23:09:51', '2016-04-15 23:09:51', '217.168.188.81'),
	(3, 5, '2016-04-15 23:09:52', '2016-04-15 23:09:52', '217.168.188.81'),
	(4, 4, '2016-04-16 13:37:13', '2016-04-16 13:37:13', '46.32.163.235'),
	(4, 5, '2016-04-16 13:37:16', '2016-04-16 13:37:16', '46.32.163.235'),
	(4, 1, '2016-04-16 13:37:18', '2016-04-16 13:37:18', '46.32.163.235'),
	(3, 5, '2016-04-16 17:28:05', '2016-04-16 17:28:05', '46.32.163.235'),
	(3, 2, '2016-04-16 17:28:24', '2016-04-16 17:28:24', '46.32.163.235'),
	(3, 2, '2016-04-16 21:45:04', '2016-04-16 21:45:04', '46.32.163.235'),
	(3, 4, '2016-04-16 21:45:05', '2016-04-16 21:45:05', '46.32.163.235'),
	(3, 5, '2016-04-16 21:45:05', '2016-04-16 21:45:05', '46.32.163.235'),
	(3, 2, '2016-04-16 21:45:08', '2016-04-16 21:45:08', '46.32.163.235'),
	(3, 4, '2016-04-16 21:45:08', '2016-04-16 21:45:08', '46.32.163.235'),
	(3, 5, '2016-04-16 21:45:09', '2016-04-16 21:45:09', '46.32.163.235'),
	(3, 2, '2016-04-16 21:45:10', '2016-04-16 21:45:10', '46.32.163.235'),
	(3, 1, '2016-04-16 21:45:10', '2016-04-16 21:45:10', '46.32.163.235'),
	(3, 3, '2016-04-16 21:45:10', '2016-04-16 21:45:10', '46.32.163.235'),
	(3, 5, '2016-04-16 21:45:11', '2016-04-16 21:45:11', '46.32.163.235'),
	(3, 2, '2016-04-16 21:45:19', '2016-04-16 21:45:19', '46.32.163.235'),
	(3, 3, '2016-04-16 21:45:19', '2016-04-16 21:45:19', '46.32.163.235'),
	(3, 4, '2016-04-16 21:45:19', '2016-04-16 21:45:19', '46.32.163.235'),
	(3, 5, '2016-04-16 21:45:20', '2016-04-16 21:45:20', '46.32.163.235'),
	(3, 3, '2016-04-16 21:45:22', '2016-04-16 21:45:22', '46.32.163.235'),
	(3, 4, '2016-04-16 21:45:22', '2016-04-16 21:45:22', '46.32.163.235'),
	(26, 4, '2016-04-17 14:06:43', '2016-04-17 14:06:43', '46.32.163.235'),
	(26, 5, '2016-04-17 14:06:44', '2016-04-17 14:06:44', '46.32.163.235'),
	(26, 3, '2016-04-17 14:06:46', '2016-04-17 14:06:46', '46.32.163.235'),
	(26, 4, '2016-04-17 14:06:47', '2016-04-17 14:06:47', '46.32.163.235'),
	(26, 5, '2016-04-17 14:06:48', '2016-04-17 14:06:48', '46.32.163.235');
/*!40000 ALTER TABLE `product_review` ENABLE KEYS */;


-- Dumping structure for table bonfire.product_tag
CREATE TABLE IF NOT EXISTS `product_tag` (
  `product_id` int(11) NOT NULL,
  `tag` varchar(25) NOT NULL,
  UNIQUE KEY `product_id_tag` (`product_id`,`tag`),
  CONSTRAINT `FK_product_tags_product` FOREIGN KEY (`product_id`) REFERENCES `product` (`id`)
) ENGINE=InnoDB DEFAULT CHARSET=latin1;

-- Dumping data for table bonfire.product_tag: ~5 rows (approximately)
DELETE FROM `product_tag`;
/*!40000 ALTER TABLE `product_tag` DISABLE KEYS */;
INSERT INTO `product_tag` (`product_id`, `tag`) VALUES
	(1, 'Tag'),
	(3, 'Adam'),
	(3, 'Bla'),
	(3, 'Skirt'),
	(4, 'Asas'),
	(7, 'Polos'),
	(7, 'T-shirt'),
	(15, 'Polos'),
	(15, 'T-shirt'),
	(16, 'Polos'),
	(16, 'T-shirt'),
	(17, 'Dress'),
	(17, 'Red'),
	(18, 'Black'),
	(18, 'Dress'),
	(19, 'Sandals'),
	(19, 'White'),
	(19, 'Women'),
	(20, 'Pink'),
	(20, 'Sandals'),
	(20, 'Women'),
	(21, 'Denim'),
	(21, 'Shorts'),
	(21, 'Women'),
	(22, 'Black'),
	(22, 'Shirt'),
	(22, 'Women'),
	(23, 'Printed'),
	(23, 'Sheer'),
	(23, 'Shirt'),
	(23, 'Women'),
	(25, 'Blue'),
	(25, 'Denim'),
	(25, 'Shirt'),
	(25, 'Women'),
	(26, 'Orange'),
	(26, 'Printed'),
	(26, 'Shirt'),
	(26, 'Women'),
	(29, 'Pink'),
	(29, 'Sandals'),
	(29, 'Women'),
	(30, 'Brown'),
	(30, 'Flipflop'),
	(30, 'Women'),
	(31, 'Flipflops'),
	(31, 'Pink'),
	(31, 'Women'),
	(32, 'Blue'),
	(32, 'Distressed'),
	(32, 'Jeans'),
	(32, 'Women'),
	(33, 'Jeans'),
	(33, 'Lee'),
	(33, 'Lisac'),
	(33, 'Sky blue'),
	(33, 'Women'),
	(34, 'Blazer'),
	(34, 'Multicolor'),
	(34, 'Women'),
	(35, 'Blazer'),
	(35, 'Blue'),
	(35, 'Women'),
	(36, 'Jeans'),
	(36, 'Men'),
	(36, 'Navy'),
	(37, 'Blue'),
	(37, 'Jeans'),
	(37, 'Men'),
	(37, 'Slim fit'),
	(38, 'Casual'),
	(38, 'Men'),
	(38, 'Puma'),
	(38, 'Shoes'),
	(39, 'Brogues'),
	(39, 'Men'),
	(39, 'Tan brown'),
	(40, 'Brown'),
	(40, 'Derby'),
	(40, 'Men'),
	(40, 'Shoes'),
	(41, 'Brown'),
	(41, 'Derby'),
	(41, 'Men'),
	(41, 'Shoes');
/*!40000 ALTER TABLE `product_tag` ENABLE KEYS */;
/*!40101 SET SQL_MODE=IFNULL(@OLD_SQL_MODE, '') */;
/*!40014 SET FOREIGN_KEY_CHECKS=IF(@OLD_FOREIGN_KEY_CHECKS IS NULL, 1, @OLD_FOREIGN_KEY_CHECKS) */;
/*!40101 SET CHARACTER_SET_CLIENT=@OLD_CHARACTER_SET_CLIENT */;
